{
    "loss": 7.383938789367676,
    "accuracy": 0.5686274766921997
}