{
    "loss": 2.6929335594177246,
    "accuracy": 0.7843137383460999
}